Subreddit,Confidence_Positive,Confidence_Negative
Army,0.48631677,0.51368314
USMC,0.47291407,0.5270861
bipolar,0.48616964,0.5138304
schizophrenia,0.4854408,0.5145592
