Subreddit,Confidence_Positive,Confidence_Negative
Army,0.28687114,0.71312827
USMC,0.29442438,0.705576
bipolar,0.27540892,0.7245911
schizophrenia,0.2747165,0.7252839
