,precision,recall,f1-score,support
bipolar,0.7989690721649485,0.8857142857142857,0.8401084010840109,175.0
schizophrenia,0.8620689655172413,0.7621951219512195,0.8090614886731391,164.0
accuracy,0.8259587020648967,0.8259587020648967,0.8259587020648967,0.8259587020648967
macro avg,0.8305190188410949,0.8239547038327526,0.8245849448785749,339.0
weighted avg,0.829495274258683,0.8259587020648967,0.8250886558468928,339.0
