,precision,recall,f1-score,support
Army,0.7597597597597597,1.0,0.863481228668942,253.0
USMC,1.0,0.1111111111111111,0.19999999999999998,90.0
accuracy,0.7667638483965015,0.7667638483965015,0.7667638483965015,0.7667638483965015
macro avg,0.8798798798798799,0.5555555555555556,0.531740614334471,343.0
weighted avg,0.822796557490435,0.7667638483965015,0.689389944178549,343.0
