,precision,recall,f1-score,support
Army,0.8620689655172413,0.8893280632411067,0.8754863813229572,253.0
USMC,0.6585365853658537,0.6,0.627906976744186,90.0
accuracy,0.8134110787172012,0.8134110787172012,0.8134110787172012,0.8134110787172012
macro avg,0.7603027754415475,0.7446640316205533,0.7516966790335716,343.0
weighted avg,0.8086639678098801,0.8134110787172012,0.8105238553401892,343.0
