,precision,recall,f1-score,support
bipolar,0.7981220657276995,0.8333333333333334,0.815347721822542,204.0
schizophrenia,0.7888198757763976,0.7470588235294118,0.7673716012084592,170.0
accuracy,0.7941176470588235,0.7941176470588235,0.7941176470588235,0.7941176470588235
macro avg,0.7934709707520485,0.7901960784313726,0.7913596615155005,374.0
weighted avg,0.7938937975680168,0.7941176470588235,0.793540394270686,374.0
